{"Tehran": 1555.0931600547863, "Baghdad": 875.9003180450427, "Damascus": 216.82791454894598, "Kabul": 3161.4502610109207, "Sanaa": 2042.8868638046545, "Riyadh": 1378.3349025380287, "Cairo": 426.33968338728715, "Beirut": 234.83148948910255, "Amman": 69.42292149117714, "Tripoli": 2069.772480274998, "Khartoum": 1825.20754854364, "Mosul": 886.7705300464655, "Fallujah": 821.7377478085748, "Kandahar": 2876.042413656965, "Marrakesh": 4058.814092573128}